Designator,Footprint,Quantity,Value,LCSC Part #
"3V3GOOD1801, 5VGOOD1801",0805,2,LED Green,
AIR401,Molex_Micro-Fit_3.0_43045-0812_2x04_P3.00mm_Vertical,1,~,
"BUZZ101, LEAK2, NTC1, NTC2, NTC3, NTC4, NTC5",Molex_Micro-Fit_3.0_43650-0215_1x02_P3.00mm_Vertical,7,~,
"C1001, C1002",0603,2,1uF 16V,
"C1003, C1004, C1005, C1006, C1007, C1008, C2302",0603,7,100nC 16V,
C101,1206,1,10uF 1206 25V,
C102,CP_Radial_D6.3mm_P2.50mm,1,47uF 25V,
"C1103, C1906",0805,2,10uF 0805 25V,
"C1104, C1107, C1108, C1109, C1901, C1902, C1903, C1907, C2003, C2015, C916, C919, C928, C931",0603,14,100nF 0603 100V,
"C1105, C1106, C1904, C1905, C2005, C2007, C922, C923, C934, C935",0805,10,10uF 0805 50V,
"C1301, C1401, C1501, C1502, C1503",0603,5,100nF 0603 50V,
"C1601, C1701",0603,2,1nF 0603 16V,
C1801,CP_Radial_D8.0mm_P3.50mm,1,470uF 35V WE870025374007,
"C1802, C1803, C1805, C1806",0805,4,10uF 0805 35V,
C1804,CP_Radial_D8.0mm_P3.50mm,1,100uF 35V WE870025374007,
"C2002, C2006, C921, C926, C933, C938",0603,6,100nC 0603 50V,
"C2004, C918, C930",0603,3,100pC 0603 50V,
"C2008, C924, C936",0603,3,100nC 0603 16V,
"C201, C202, C203, C204, C206, C209, C210, C213, C214",0603,9,100nF 0603 6.3V,
"C2010, C920, C932",0805,3,1uC 0805 50V,
"C2012, C925, C937",0805,3,1uC 0805 16V,
"C2014, C927, C939",0603,3,1nC 0603 16V,
"C2016, C917, C929",0805,3,1uF 0805 50V,
C205,0603,1,6 * 100nF 0603 6.3V,
C207,0805,1,4.7uF 0805 6.3V,
"C208, C501, C502, C601, C602",0603,5,100nF 0603 16V,
C211,0603,1,12pF 0603 6.3V,
C212,0603,1,2 * 12pF 0603 6.3V,
C2301,0805,1,10uF 0805 16V,
"C301, C302, C303",1206,3,100nF 16V,
C304,1206,1,330nF 16V,
"C305, C306, C307, C308, C309, C310, C311, C312",1206,8,2.2nC 1000V,
"C313, C314, C315, C316",1206,4,220pC 1000V,
C401,0603,1,100nC 6V,
C901,0603,1,100n 0603 50V,
"D1001, D1002, D1003, D101, D1105, D1106, D1107, D1901, D1905, D1906, D201, D203, D204, D205, D206, D207, D209, D2301, D2302, D2303",D_SOD-123,20,BAT46,
D102,D_SOD-323_HandSoldering,1,Z 12V (MM3Z12VT1G),
D103,D_SMA,1,SMAJ15CA,
"D1101, D1102, D1103, D1104, D1903",D_DO-201AE_P12.70mm_Horizontal,5,BY2000,
"D1108, D1902",D_SOD-323_HandSoldering,2,MM3Z10VT1G (10V),
"D1301, D1401, D1501, D1502, D1503, D501, D502, D601, D602",D_SOD-323,9,DESD5V0S1BA-7,
D202,D_SOD-323_HandSoldering,1,Z 3.3V,
"D401, D403",D_SMA,2,B140-13-F,
ERROR201,0805,1,LED Red,
F1901,R_Axial_Power_L38.0mm_W6.4mm_P40.64mm,1,"2,5A 800V 0ADBP2500-RE",
FAN101,Molex_Micro-Fit_3.0_43650-0315_1x03_P3.00mm_Vertical,1,~,
HEART201,0805,1,LED Blue,
"HV_ACCU101, HV_DCDC101, HV_INDI101, HV_VEHI101, IMD_HV101",Molex_Micro-Fit_3.0_43650-0415_1x04_P3.00mm_Vertical,5,436500415,
IMD_LV101,Molex_Micro-Fit_3.0_43045-0612_2x03_P3.00mm_Vertical,1,~,
"ISOUART_H101, ISOUART_L101",Molex_Micro-Fit_3.0_43650-0215_1x02_P3.00mm_Vertical,2,436500227,
JTAG201,PinHeader_2x07_P1.27mm_Vertical,1,JTAG/SWD,
"K1101, K1901",Meder_KT_Relay,2,KT12-1A-40L-THT,
LEAK1,Molex_Micro-Fit_3.0_43650-0215_1x02_P3.00mm_Vertical,1,Conn_01x02,
MAIN_LV101,Molex_Micro-Fit_3.0_43045-1212_2x06_P3.00mm_Vertical,1,~,
Q1001,SOT-23,1,FDN352AP,
"Q1002, Q101, Q1103, Q1903, Q202, Q2301, Q402, Q404",SOT-23,8,BC846,
"Q102, Q104, Q1101, Q1904, Q201, Q2302, Q401, Q403",SOT-23-3,8,DMP4065S-7,
"Q1102, Q1901",TO-263HV,2,IXTA08N100D2HV,
Q1104,SOT-23-3,1,IRLML0100TR,
Q1902,TO-252-2,1,IPD95R750P7,
Q801,SOT-23,1,2N7002,
"R1001, R1002, R1003, R1602, R1605, R1702, R1705, R201, R215, R217, R218, R219, R804",0603,13,10kR 0603,
"R1004, R1005",0603,2,100kR,
"R1006, R102, R2008, R2310, R304, R305, R306, R307, R312, R313, R401, R402, R403, R406, R407, R408, R410, R417, R421, R924, R928",0603,21,1kR,
"R101, R103, R104, R105, R1101, R1102, R1104, R1907, R1911, R1912, R203, R205, R206, R207, R208, R211, R213, R2306, R2307, R2308, R310, R404, R405, R409, R412, R414, R415, R416, R418, R419, R420, R422, R909, R920",0603,34,10kR,
"R1103, R1908",0603,2,4k7R,
"R1105, R1901",1206,2,47R 0603,
"R1106, R1902, R204, R210, R212, R801",0603,6,100R 0603,
"R1107, R1116, R1903, R1909",0603,4,100kR 0603,
"R1108, R1905",0805,2,"330R 0805 0,25W",
"R1109, R1801, R1802, R1904, R503, R603, R803",0603,7,1kR 0603,
"R1110, R1910, R2001, R902, R904",0805,5,270R 0805,
"R1112, R1906",0805,2,"10kR 0805 0,25W",
"R1301, R1401, R1501, R1503, R1505",0603,5,10k 0.1% 25ppm/K,
"R1302, R1402, R1502, R1504, R1506",0603,5,10k,
"R1603, R1703",0603,2,1MR 0603,
"R2004, R2005, R921, R922, R925, R926",2512,6,"4.7MR 2512 3kV 0,1%",
"R2006, R923, R927",2512,3,"26.1kR 2512 500V 0,1%",
R202,0603,1,2.2k 0603,
"R209, R216, R501, R601",0603,4,20R 0603,
R214,0603,1,220kR,
R2301,0603,1,1.5MR,
"R2302, R2303, R2304",0603,3,See Note,
"R2305, R411, R413",0603,3,39kR,
R301,0603,1,5.1R,
"R302, R303, R308, R309",0603,4,39R,
R311,0603,1,1.5kR,
"R502, R602",0603,2,120R 0603,
R802,0603,1,2.2kR 0603,
R901,0603,1,68.1K 0.1%,
"R903, R910",0603,2,3.9k 0.1%,
R908,0603,1,"68,1K 0.1%",
"R915, R917",0603,2,100kR 0.1%,
"R918, R919",0603,2,909kR 0.1%,
"T301, T302",Pulse_HM2106NL,2,HM2106NL,
"TH1101, TH1102, TH1901, TH1902",RV_Disc_D16.5mm_W6.7mm_P7.5mm,4,PTCEL17R501TBE,
U1001,VSSOP-8_2.3x2mm_P0.5mm,1,SN74LVC2G02,
U1002,SO-14_3.9x8.65mm_P1.27mm,1,74LVC86AD,
U1003,SO-14_3.9x8.65mm_P1.27mm,1,74LV08,
U1004,SOT-353_SC-70-5,1,74LVC1G32Q,
"U1005, U203, U2301",VSSOP-8_2.3x2mm_P0.5mm,3,SN74LVC1G74,
U1006,TSSOP-14_4.4x5mm_P0.65mm,1,CD4072BPW,
"U1007, U2303",SOT-23-6,2,SN74LVC2G17DCK,
"U1008, U1104, U1904",SOT-23-6,3,SN74LVC2G14DBV,
"U1101, U1102, U1901, U1902",SOP-4_7.5x4.1mm_P2.54mm,4,TCLT1004,
"U1103, U1903, U2002, U908, U911",Converter_DCDC_TRACO_TEA1-xxxxHI_THT,5,TEA1-0505HI,
U1801,Converter_DCDC_RECOM_R-78E-0.5_THT,1,R-78E3.3-1.0,
U1802,Converter_DCDC_RECOM_R-78E-0.5_THT,1,R-78E5.0-1.0,
"U2003, U907, U910",AMC0311R Wide-body SOIC (DWV),3,AMC0311R,
"U2004, U906, U909",SOT-23-5,3,LP5907MFX-3.3,
U201,SOT-23,1,MCP130-270 ITT,
U202,SOT-23-5,1,STWD100YNYWY,
U204,LQFP-100_14x14mm_P0.5mm,1,STM32G483VET6,
U205,SOIC-8_5.3x5.3mm_P1.27mm,1,24LC256-I/SN,
U301,TQFP-48-1EP_7x7mm_P0.5mm_EP5x5mm,1,TLE9015 DQU,
"U401, U901",SOIC-14_3.9x8.7mm_P1.27mm,2,ADCMP393ARZ,
"U501, U601",SOIC-8_3.9x4.9mm_P1.27mm,2,MCP2562-E-SN,
Y201,Oscillator_SMD_EuroQuartz_XO32-4Pin_3.2x2.5mm,1,WE830055951,
