Designator,Mid X,Mid Y,Rotation,Layer
3V3GOOD1801,120.0,-75.25,180.0,top
5VGOOD1801,137.5,-84.75,180.0,top
AIR401,17.5,-83.15,180.0,top
BUZZ101,41.5,-48.5425,180.0,top
C1001,36.395,-62.395,0.0,top
C1002,41.645,-59.145,0.0,top
C1003,28.625,-52.665,270.0,bottom
C1004,34.145,-56.645,0.0,top
C1005,18.87,-52.875,180.0,top
C1006,30.645,-52.645,270.0,top
C1007,11.12,-56.875,180.0,top
C1008,30.145,-55.395,180.0,top
C101,99.25,-78.25,270.0,top
C102,106.18238,-76.0,180.0,top
C1103,159.5,-66.25,180.0,top
C1104,127.095,-49.6375,0.0,top
C1105,127.095,-51.6375,180.0,top
C1106,127.345,-64.3525,90.0,top
C1107,166.99,-65.25,90.0,top
C1108,168.75,-65.25,90.0,top
C1109,170.49,-65.25,90.0,top
C1301,162.31,-87.03,270.0,top
C1401,159.8,-87.03,270.0,top
C1501,157.29,-87.03,270.0,top
C1502,154.78,-87.03,270.0,top
C1503,152.27,-87.03,270.0,top
C1601,187.47,-14.025,0.0,top
C1701,187.47,-16.535,0.0,top
C1801,105.25,-84.847349,270.0,top
C1802,101.5,-78.25,90.0,top
C1803,115.5,-78.25,0.0,bottom
C1804,114.0,-72.5,180.0,top
C1805,128.5,-81.75,90.0,bottom
C1806,128.5,-85.75,270.0,bottom
C1901,77.75,-55.75,90.0,bottom
C1902,79.25,-54.5,90.0,bottom
C1903,34.25,-30.25,0.0,bottom
C1904,34.25,-32.0,180.0,bottom
C1905,33.5,-45.5,90.0,bottom
C1906,74.75,-51.25,0.0,bottom
C1907,80.75,-54.5,90.0,bottom
C2002,18.9625,-23.75,0.0,bottom
C2003,13.2125,-33.5,180.0,bottom
C2004,19.9625,-28.75,90.0,bottom
C2005,13.2125,-31.75,0.0,bottom
C2006,21.9625,-47.25,270.0,bottom
C2007,16.4625,-46.75,270.0,bottom
C2008,18.7125,-45.75,270.0,bottom
C201,61.0,-62.75,0.0,bottom
C2010,18.9625,-25.5,0.0,bottom
C2012,14.2125,-42.5,90.0,bottom
C2014,20.2125,-49.0,270.0,bottom
C2015,13.2125,-23.5,180.0,bottom
C2016,13.2125,-25.25,0.0,bottom
C202,58.5,-78.25,0.0,bottom
C203,53.5,-66.75,90.0,bottom
C204,67.25,-60.5,0.0,top
C205,52.75,-56.75,0.0,top
C206,66.25,-76.0,270.0,top
C207,47.5,-72.75,90.0,top
C208,74.75,-63.0,0.0,top
C209,71.0,-73.0,90.0,top
C210,44.0,-69.75,270.0,top
C211,60.75,-56.75,180.0,top
C212,56.25,-56.75,0.0,top
C213,51.0,-79.5,0.0,top
C214,56.15,-72.9,270.0,bottom
C2301,42.75,-77.25,90.0,bottom
C2302,45.25,-76.0,180.0,bottom
C301,213.6,-64.675,270.0,top
C302,213.75,-69.75,270.0,top
C303,211.0,-69.75,270.0,top
C304,203.0,-67.5,270.0,top
C305,196.0,-64.25,90.0,top
C306,196.0,-69.0,90.0,top
C307,184.5,-69.0,90.0,top
C308,184.5,-64.25,90.0,top
C309,190.5,-64.25,90.0,top
C310,190.5,-69.0,90.0,top
C311,179.0,-69.0,90.0,top
C312,179.0,-64.25,90.0,top
C313,198.5,-69.0,90.0,top
C314,187.5,-71.25,270.0,top
C315,176.5,-69.0,90.0,top
C316,187.5,-66.5,90.0,top
C401,31.25,-74.0,90.0,top
C501,75.5,-76.53,180.0,bottom
C502,86.5,-74.78,0.0,bottom
C601,65.0,-84.78,180.0,bottom
C602,76.0,-83.03,0.0,bottom
C901,107.0,-67.75,180.0,top
C916,84.095,-32.4375,180.0,bottom
C917,84.095,-34.1875,0.0,bottom
C918,91.595,-38.1875,180.0,bottom
C919,84.145,-30.9375,180.0,bottom
C920,88.845,-34.1875,90.0,bottom
C921,86.845,-34.4375,90.0,bottom
C922,84.345,-41.9375,0.0,bottom
C923,85.095,-51.1875,90.0,bottom
C924,88.595,-56.4375,0.0,bottom
C925,88.345,-54.6875,0.0,bottom
C926,93.095,-55.1875,180.0,bottom
C927,90.845,-58.4375,270.0,bottom
C928,102.395,-34.9375,0.0,bottom
C929,102.395,-36.9375,180.0,bottom
C930,109.145,-41.4375,180.0,bottom
C931,104.895,-36.4375,270.0,bottom
C932,108.145,-39.4375,180.0,bottom
C933,108.395,-37.4375,180.0,bottom
C934,102.395,-45.1875,180.0,bottom
C935,102.895,-54.4375,90.0,bottom
C936,103.145,-57.6875,270.0,bottom
C937,105.145,-58.4375,270.0,bottom
C938,110.645,-57.9375,180.0,bottom
C939,108.395,-61.1875,270.0,bottom
D1001,40.645,-61.145,180.0,top
D1002,34.395,-58.895,180.0,top
D1003,22.37,-65.625,90.0,top
D101,94.0,-60.25,0.0,bottom
D102,94.25,-74.0,180.0,top
D103,92.25,-78.25,180.0,top
D1101,146.895,-15.1375,180.0,top
D1102,147.22,-37.6025,180.0,top
D1103,146.97,-22.8525,0.0,top
D1104,159.47,-43.8525,180.0,top
D1105,158.75,-64.0,180.0,top
D1106,173.99,-65.75,90.0,top
D1107,162.5,-65.5,270.0,top
D1108,169.72,-39.6025,180.0,top
D1301,176.84,-87.025,270.0,top
D1401,173.89,-87.025,270.0,top
D1501,170.94,-87.025,270.0,top
D1502,167.99,-87.025,270.0,top
D1503,165.04,-87.025,270.0,top
D1901,82.75,-51.25,270.0,bottom
D1902,65.02,-30.9375,180.0,bottom
D1903,44.5,-26.25,180.0,top
D1905,79.0,-50.0,180.0,bottom
D1906,74.0,-49.0,0.0,bottom
D201,74.5,-68.5,90.0,top
D202,45.5,-67.0,180.0,top
D203,71.0,-66.5,0.0,top
D204,55.75,-80.25,0.0,top
D205,59.5,-83.75,90.0,top
D206,57.0,-83.75,90.0,top
D207,54.5,-83.75,90.0,top
D209,51.5,-85.25,90.0,top
D2301,42.0,-68.0,90.0,bottom
D2302,39.0,-78.0,90.0,bottom
D2303,44.5,-68.0,90.0,bottom
D401,18.75,-71.83,90.0,bottom
D403,25.25,-75.33,90.0,bottom
D501,99.25,-83.5,180.0,bottom
D502,81.25,-88.5,180.0,bottom
D601,84.5,-88.5,0.0,bottom
D602,87.75,-88.5,180.0,bottom
ERROR201,63.5,-55.75,270.0,top
F1901,113.52,-15.1875,180.0,top
FAN101,91.25,-62.0425,0.0,top
HEART201,65.5,-55.75,270.0,top
HV_ACCU101,98.02,-25.145,180.0,top
HV_DCDC101,31.9575,-19.25,90.0,top
HV_INDI101,126.895,-31.095,180.0,top
HV_VEHI101,126.845,-45.06,180.0,top
IMD_HV101,126.895,-37.93,180.0,top
IMD_LV101,33.75,-68.68,0.0,top
ISOUART_H101,193.25,-41.2075,180.0,top
ISOUART_L101,181.75,-41.2075,180.0,top
JTAG201,80.75,-69.75,180.0,top
K1101,166.37,-48.5525,180.0,top
K1901,76.17,-33.6375,180.0,top
LEAK1,195.5,-15.4725,0.0,top
LEAK2,195.5,-23.2925,0.0,top
MAIN_LV101,89.0,-85.43,0.0,top
NTC1,175.6125,-79.0,270.0,top
NTC2,167.7925,-79.0,270.0,top
NTC3,159.9725,-79.0,270.0,top
NTC4,152.1525,-79.0,270.0,top
NTC5,144.3325,-79.0,270.0,top
Q1001,19.12,-66.375,0.0,top
Q1002,15.12,-66.375,0.0,top
Q101,89.25,-66.25,270.0,bottom
Q102,92.75,-65.5,90.0,bottom
Q104,90.5,-74.25,90.0,top
Q1101,162.75,-70.25,0.0,top
Q1102,172.22,-32.6025,90.0,top
Q1103,157.0,-69.5,0.0,top
Q1104,169.72,-42.3525,180.0,top
Q1901,72.375,-25.04,180.0,top
Q1902,82.4475,-26.7775,270.0,top
Q1903,70.0625,-57.075,180.0,bottom
Q1904,74.75,-54.575,180.0,bottom
Q201,44.75,-83.25,90.0,top
Q202,48.5,-86.5,270.0,top
Q2301,41.0,-63.5,90.0,bottom
Q2302,42.75,-60.0,270.0,bottom
Q401,17.25,-79.08,270.0,bottom
Q402,12.25,-78.08,270.0,bottom
Q403,24.25,-83.58,0.0,bottom
Q404,30.0,-80.83,0.0,bottom
Q801,39.5,-50.75,90.0,bottom
R1001,16.87,-68.875,0.0,top
R1002,18.12,-63.875,0.0,top
R1003,14.62,-63.875,0.0,top
R1004,33.395,-60.895,0.0,top
R1005,39.395,-63.145,0.0,top
R1006,36.645,-60.895,0.0,top
R101,85.75,-63.25,180.0,bottom
R102,86.75,-65.75,90.0,bottom
R103,95.25,-66.5,90.0,bottom
R104,92.75,-68.5,0.0,bottom
R105,93.75,-75.75,0.0,top
R1101,159.75,-70.25,90.0,top
R1102,159.5,-68.0,180.0,top
R1103,154.0,-69.5,270.0,top
R1104,154.75,-72.0,0.0,top
R1105,172.22,-35.3525,180.0,top
R1106,169.97,-37.8525,180.0,top
R1107,166.47,-37.8525,180.0,top
R1108,174.25,-58.5,0.0,top
R1109,161.645,-46.6875,0.0,bottom
R1112,165.0,-64.5,270.0,top
R1116,171.99,-65.25,270.0,top
R1301,191.04,-83.25,270.0,top
R1302,188.53,-83.25,270.0,top
R1401,186.02,-83.25,270.0,top
R1402,183.51,-83.25,270.0,top
R1501,181.0,-83.25,270.0,top
R1502,191.04,-87.6,270.0,top
R1503,188.53,-87.6,270.0,top
R1504,186.02,-87.6,270.0,top
R1505,183.51,-87.6,270.0,top
R1506,181.0,-87.6,270.0,top
R1602,187.47,-19.045,0.0,top
R1603,187.47,-21.555,0.0,top
R1605,187.47,-24.065,0.0,top
R1702,187.47,-26.575,0.0,top
R1703,187.47,-29.085,0.0,top
R1705,187.47,-31.595,0.0,top
R1801,118.25,-78.0,270.0,bottom
R1802,131.25,-84.75,0.0,bottom
R1901,76.52,-21.6875,0.0,top
R1902,62.77,-32.9375,180.0,bottom
R1903,64.52,-34.6875,180.0,bottom
R1904,64.52,-36.6875,180.0,bottom
R1905,58.0,-48.75,0.0,bottom
R1906,70.5,-49.5,270.0,bottom
R1907,68.0,-54.575,180.0,bottom
R1908,67.25,-57.075,90.0,bottom
R1909,79.75,-52.0,0.0,bottom
R1911,71.75,-54.575,270.0,bottom
R1912,73.575,-57.075,0.0,bottom
R2001,16.2125,-24.75,270.0,bottom
R2004,13.0,-13.75,270.0,top
R2005,17.75,-20.25,0.0,top
R2006,23.7125,-26.25,270.0,top
R2008,20.2125,-45.75,90.0,bottom
R201,44.5,-65.25,180.0,top
R202,47.75,-65.25,0.0,top
R203,75.0,-65.25,180.0,top
R204,42.5,-69.75,270.0,top
R205,47.0,-81.25,0.0,top
R206,56.25,-78.25,0.0,top
R207,46.0,-87.0,270.0,top
R208,48.5,-83.5,0.0,top
R209,63.5,-79.75,270.0,top
R210,65.5,-52.25,90.0,top
R211,51.0,-88.5,0.0,top
R212,61.75,-54.25,90.0,top
R213,59.0,-79.75,90.0,top
R214,54.5,-87.0,0.0,top
R215,62.25,-64.25,0.0,bottom
R216,50.0,-75.75,180.0,top
R217,60.5,-79.75,270.0,top
R218,62.0,-79.75,270.0,top
R219,46.0,-62.75,180.0,top
R2301,41.0,-77.25,90.0,bottom
R2302,33.75,-72.5,270.0,bottom
R2303,33.75,-76.0,90.0,bottom
R2304,35.25,-74.5,270.0,bottom
R2305,36.75,-72.5,270.0,bottom
R2306,36.75,-76.0,90.0,bottom
R2307,38.75,-60.25,0.0,bottom
R2308,38.75,-61.75,180.0,bottom
R2310,44.25,-64.5,0.0,bottom
R301,215.6,-63.925,270.0,top
R302,194.0,-70.0,270.0,top
R303,182.5,-70.0,270.0,top
R304,193.25,-44.5,0.0,top
R305,193.25,-62.75,0.0,top
R306,181.75,-62.75,0.0,top
R307,181.75,-44.5,0.0,top
R308,192.5,-70.0,270.0,top
R309,181.0,-70.0,270.0,top
R310,210.5,-65.25,270.0,top
R311,201.5,-59.0,0.0,top
R312,205.75,-68.0,180.0,top
R313,208.25,-69.5,180.0,top
R401,13.0,-83.58,180.0,bottom
R402,16.0,-83.58,0.0,bottom
R403,28.0,-86.58,270.0,top
R404,34.5,-85.08,270.0,top
R405,33.25,-74.58,90.0,top
R406,16.0,-87.5,90.0,bottom
R407,10.5,-85.0,180.0,bottom
R408,28.75,-84.33,180.0,top
R409,34.75,-74.58,90.0,top
R410,29.5,-86.58,90.0,top
R411,22.75,-79.58,270.0,bottom
R412,22.75,-76.58,90.0,bottom
R413,21.25,-79.08,270.0,bottom
R414,17.25,-76.08,0.0,bottom
R415,21.25,-76.08,90.0,bottom
R416,14.75,-78.58,270.0,bottom
R417,9.75,-77.58,270.0,bottom
R418,8.0,-77.58,90.0,bottom
R419,27.25,-83.58,90.0,bottom
R420,27.25,-80.58,90.0,bottom
R421,32.75,-80.83,270.0,bottom
R422,32.0,-83.33,0.0,bottom
R501,75.5,-75.03,0.0,bottom
R502,85.5,-77.28,270.0,bottom
R503,86.5,-79.78,0.0,bottom
R601,65.0,-83.28,0.0,bottom
R602,75.0,-85.53,270.0,bottom
R603,76.0,-88.03,0.0,bottom
R801,45.0,-52.0,270.0,bottom
R802,41.75,-46.0,0.0,bottom
R803,43.5,-51.25,270.0,bottom
R804,41.97675,-51.25,270.0,bottom
R901,114.5,-61.0,180.0,top
R902,84.345,-39.9375,180.0,bottom
R903,114.5,-59.5,0.0,top
R904,102.145,-43.1875,0.0,bottom
R908,114.5,-64.0,180.0,top
R909,114.5,-66.25,180.0,top
R910,114.5,-62.5,0.0,top
R915,100.5,-62.0,0.0,top
R917,100.5,-59.75,0.0,top
R918,100.5,-63.5,180.0,top
R919,100.5,-58.25,180.0,top
R920,100.5,-66.0,0.0,top
R921,105.895,-20.9375,180.0,bottom
R922,104.645,-32.1875,180.0,top
R923,94.895,-34.1875,270.0,top
R924,90.845,-55.1875,90.0,bottom
R925,130.47,-23.1025,180.0,top
R926,122.395,-23.1025,180.0,top
R927,116.395,-27.8875,270.0,top
R928,108.395,-57.9375,90.0,bottom
T301,193.25,-53.75,180.0,top
T302,181.75,-53.75,180.0,top
TH1101,147.32,-29.5025,0.0,top
TH1102,161.12,-24.3525,90.0,top
TH1901,83.02,-15.2875,180.0,top
TH1902,65.52,-14.9375,180.0,top
U1001,29.645,-57.395,0.0,top
U1002,25.145,-50.395,270.0,top
U1003,16.62,-58.375,0.0,top
U1004,11.12,-58.875,0.0,top
U1005,34.395,-54.395,0.0,top
U1006,25.145,-50.299762,90.0,bottom
U1007,38.645,-57.645,90.0,top
U1008,24.645,-58.145,0.0,top
U1101,170.645,-53.4375,90.0,top
U1102,161.895,-53.6875,270.0,bottom
U1103,130.145,-57.7675,180.0,top
U1104,170.0,-61.75,0.0,top
U1801,116.4575,-83.1575,90.0,top
U1802,125.5425,-82.8425,270.0,top
U1901,60.27,-41.6875,90.0,bottom
U1902,68.895,-41.6875,270.0,bottom
U1903,30.9675,-38.98,180.0,top
U1904,62.025,-49.5,0.0,bottom
U2002,16.3925,-36.23,180.0,top
U2003,20.7125,-37.25,180.0,bottom
U2004,13.2125,-28.5,90.0,bottom
U201,73.5,-73.0,270.0,top
U202,71.0,-63.5,180.0,top
U203,51.0,-81.5,0.0,top
U204,58.25,-67.75,270.0,top
U205,60.0,-71.75,270.0,bottom
U2301,44.0,-72.75,90.0,bottom
U2303,39.75,-73.75,180.0,bottom
U301,208.25,-58.25,270.0,top
U401,30.75,-79.83,270.0,top
U501,81.0,-77.28,180.0,bottom
U601,70.5,-85.53,180.0,bottom
U901,107.25,-63.5,180.0,top
U906,84.345,-37.06282,90.0,bottom
U907,91.595,-45.9375,180.0,bottom
U908,87.5625,-44.6675,180.0,top
U909,102.395,-40.1875,90.0,bottom
U910,109.145,-49.4375,180.0,bottom
U911,105.1125,-47.9175,180.0,top
Y201,58.5,-54.5,90.0,top
